account_id,first_name,last_name,date_of_birth,email,account_type,status,opened_date
410112,TestFNameOlivia,TestLNameBennett,1986-04-17,testuname.olivia.bennett@null.null,CHECKING,Active,2012-07-09
410113,,TestLNameFoster,1991-08-23,testuname.g.foster@null.null,SAVINGS,ACTIVE,2014-02-20
410114,TestFNameHenry,,,testuname.h.walsh@null.null,CHECKING,active,2018-10-25
410115,TestFNameChloe,TestLNameRamirez,02/29/1993,testuname.cramirez@null.null,savings,Active,03/18/2017
410116,TestFNameOmar,TestLNameHaddad,1981-13-07,testuname.omar.h@null.null,CHECKING,CLOSED,2008-09-16
410117,TestFNameAva,TestLNameSullivan,1994-06-02,testuname.ava.sullivan@null,CREDIT,"Active ",2021-03-08
 410118 ,TestFNameLucas,TestLNameGrant,1983-10-14,testuname.lucas.grant@null.null,checking,Suspended,2014-08-12
410119,TestFNameMia,TestLNameOrtega,1989-11-03,testuname.mia.ortega@null.null,SAVINGS,Active,2016-05-19
410119,TestFNameMia,TestLNameOrtega-Reyes,1989-11-03,testuname.mia.o@null.null,SAVINGS,Closed,2016-05-19
410120,TestFNameEthan,TestLNameBrooks,1976-02-09,testuname.ethan.brooks@null.null,CHECKING,ACTIVE
410121,TestFNameZoe,TestLNamePalmer,N/A,testuname.zoe.palmer@null.null,SAVINGS,active,2020-10-13
410122,,,,,CHECKING,Closed,2011-02-02
